Country Name,Country Code,Series Name,Series Code,1960 [YR1960],1961 [YR1961],1962 [YR1962],1963 [YR1963],1964 [YR1964],1965 [YR1965],1966 [YR1966],1967 [YR1967],1968 [YR1968],1969 [YR1969],1970 [YR1970],1971 [YR1971],1972 [YR1972],1973 [YR1973],1974 [YR1974],1975 [YR1975],1976 [YR1976],1977 [YR1977],1978 [YR1978],1979 [YR1979],1980 [YR1980],1981 [YR1981],1982 [YR1982],1983 [YR1983],1984 [YR1984],1985 [YR1985],1986 [YR1986],1987 [YR1987],1988 [YR1988],1989 [YR1989],1990 [YR1990],1991 [YR1991],1992 [YR1992],1993 [YR1993],1994 [YR1994],1995 [YR1995],1996 [YR1996],1997 [YR1997],1998 [YR1998],1999 [YR1999],2000 [YR2000],2001 [YR2001],2002 [YR2002],2003 [YR2003],2004 [YR2004],2005 [YR2005],2006 [YR2006],2007 [YR2007],2008 [YR2008],2009 [YR2009],2010 [YR2010],2011 [YR2011],2012 [YR2012],2013 [YR2013],2014 [YR2014],2015 [YR2015],2016 [YR2016],2017 [YR2017],2018 [YR2018],2019 [YR2019],2020 [YR2020],2021 [YR2021],2022 [YR2022],2023 [YR2023]
United States,USA,Access to clean fuels and technologies for cooking (% of population),EG.CFT.ACCS.ZS,..,..,..,..,..,..,..,..,..,..,..,..,..,..,..,..,..,..,..,..,..,..,..,..,..,..,..,..,..,..,..,..,..,..,..,..,..,..,..,..,100,100,100,100,100,100,100,100,100,100,100,100,100,100,100,100,100,100,100,100,100,100,..,..
United States,USA,Access to electricity (% of population),EG.ELC.ACCS.ZS,..,..,..,..,..,..,..,..,..,..,..,..,..,..,..,..,..,..,..,..,..,..,..,..,..,..,..,..,..,..,100,100,100,100,100,100,100,100,100,100,100,100,100,100,100,100,100,100,100,100,100,100,100,100,100,100,100,100,100,100,100,100,..,..
United States,USA,Adjusted savings: natural resources depletion (% of GNI),NY.ADJ.DRES.GN.ZS,..,..,..,..,..,..,..,..,..,..,0.356247014140771,0.359926839103879,0.418241945857121,0.509965063571762,2.39663891656231,2.11024930800197,2.00863798818637,2.03315851868813,1.83346423634868,3.75955176311579,4.20648163562863,2.71081401303585,1.31669490808095,1.82336321203949,1.6218110828433,1.43405237107334,0.525068942605937,0.830945879509788,0.588572710187609,0.649536462219432,0.761510761048029,0.538478695086493,0.594673279597839,0.591132242284841,0.495007808546173,0.438389350300214,0.595773337465513,0.484248132344053,0.276276179709136,0.373737767859449,0.754109129936156,0.551203828387585,0.405229958440613,0.703053758290956,0.738164181018757,0.965125573636261,0.640690186340666,0.616185145984191,0.986321952175243,0.311232917042184,0.389242928907631,0.499041174696241,0.301236602660115,0.339759968147249,0.345245229305008,0.0445198508958064,0.108120553787884,0.161534562109183,0.281042680633902,0.303628714693029,0.160766559819045,0.81519312438195,..,..
United States,USA,Adjusted savings: net forest depletion (% of GNI),NY.ADJ.DFOR.GN.ZS,..,..,..,..,..,..,..,..,..,..,0,0,0,0,0,0,0,0,0,0,0,0,0,0,0,0,0,0,0,0,0,0,0,0,0,0,0,0,0,0,0,0,0,0,0,0,0,0,0,0,0,0,0,0,0,0,0,0,0,0,0,0,..,..
United States,USA,Agricultural land (% of land area),AG.LND.AGRI.ZS,..,48.8602417741752,48.4761370286583,48.1979395040485,47.9325163555688,47.589791854097,47.5545258413619,47.5279944447841,47.5812756033436,47.5432800230594,47.4289657341008,47.308864761938,47.1996820599719,47.0795810878091,46.9658127123604,46.9658127123604,46.9658127123604,46.9847013198005,46.7479932219379,46.7479932219379,46.7479932219379,46.7479932219379,47.1013084455004,47.1013084455004,47.1013084455004,47.1013084455004,47.1013084455004,46.615336239049,46.615336239049,46.615336239049,46.615336239049,46.615336239049,46.4494877147624,46.1786054311843,45.9810939233275,45.8719112213614,45.4534139247251,45.2982653052312,45.2658380427472,45.1893009686689,45.2305848555761,45.2900702036254,45.0848730397122,45.0803215919807,45.0758028884775,45.0712950997171,45.0668418846705,45.0623450106528,44.9200211644376,44.7062669036734,44.4925126429091,44.2787583821449,44.0649990707762,44.1246821508141,44.1843601802475,44.2440272776368,44.3037053070702,44.363367353855,44.363367353855,44.363367353855,44.363367353855,44.363367353855,..,..
United States,USA,"Agriculture, forestry, and fishing, value added (% of GDP)",NV.AGR.TOTL.ZS,..,..,..,..,..,..,..,..,..,..,..,..,..,..,..,..,..,..,..,..,..,..,..,..,..,..,..,..,..,..,..,..,..,..,..,..,..,1.33691171038169,1.21399691075917,1.15124101558576,1.15055536360653,1.1292569744094,0.973711859673977,1.12104760396265,1.26548363027696,1.1505065593333,1.00948718664602,1.07512397740734,1.05300059714298,0.960285892029002,1.02943733820679,1.20055910284662,1.14932964297306,1.32108416447024,1.17206510494526,1.03393378310334,0.942644552842604,0.946868677532138,0.903900642655548,0.838812891431208,0.948847431791134,0.959566656543433,..,..
United States,USA,"Annual freshwater withdrawals, total (% of internal resources)",ER.H2O.FWTL.ZS,..,..,..,..,..,..,..,..,..,..,..,..,..,..,..,..,..,..,..,..,18.3676366217175,18.1813342796309,17.9950319375444,17.8087295954578,17.6224272533712,17.4361249112846,17.249822569198,17.0635202271114,16.8772178850248,16.6909155429383,16.5046132008517,16.5347764371895,16.5649396735273,16.5951029098652,16.625266146203,16.6554293825408,16.6855926188786,16.7157558552165,16.7459190915543,16.7760823278921,16.8026969481902,16.8417317246274,16.8772178850248,16.9127040454223,16.9481902058197,16.9836763662172,16.5592618878637,16.1348474095103,15.7104329311569,15.2860184528034,14.8580553584102,15.0432655200461,15.2249270656423,15.4065886112385,15.5882501568346,15.7699117024308,15.7699117024308,15.7699117024308,15.7699117024308,15.7699117024308,15.7699117024308,..,..,..
United States,USA,"Annualized average growth rate in per capita real survey mean consumption or income, total population (%)",SI.SPR.PCAP.ZG,..,..,..,..,..,..,..,..,..,..,..,..,..,..,..,..,..,..,..,..,..,..,..,..,..,..,..,..,..,..,..,..,..,..,..,..,..,..,..,..,..,..,..,..,..,..,..,..,..,..,..,..,..,..,..,..,..,..,..,..,..,2.98,..,..
United States,USA,"Cause of death, by communicable diseases and maternal, prenatal and nutrition conditions (% of total)",SH.DTH.COMM.ZS,..,..,..,..,..,..,..,..,..,..,..,..,..,..,..,..,..,..,..,..,..,..,..,..,..,..,..,..,..,..,..,..,..,..,..,..,..,..,..,..,6.28301902548286,..,..,..,..,..,..,..,..,..,5.69330817392815,..,..,..,..,5.65120332746147,..,..,..,5.3020598009239,..,..,..,..
United States,USA,"Children in employment, total (% of children ages 7-14)",SL.TLF.0714.ZS,..,..,..,..,..,..,..,..,..,..,..,..,..,..,..,..,..,..,..,..,..,..,..,..,..,..,..,..,..,..,..,..,..,..,..,..,..,..,..,..,..,..,..,..,..,..,..,..,..,..,..,..,..,..,..,..,..,..,..,..,..,..,..,..
United States,USA,CO2 emissions (metric tons per capita),EN.ATM.CO2E.PC,..,..,..,..,..,..,..,..,..,..,..,..,..,..,..,..,..,..,..,..,..,..,..,..,..,..,..,..,..,..,19.4073358624806,19.0033895826169,19.0228451468536,19.2183314801919,19.2561852496523,19.216897002381,19.5753665634721,20.3308530498025,20.2662868763911,20.1011227780963,20.4697967370289,20.1715369311018,19.4455302807915,19.5065055322014,19.5976167070584,19.4692725196123,18.9459168417477,19.0429117790575,18.278491260823,16.8086814210194,17.4317369879177,16.604189616843,15.789760151839,16.1111752638496,16.0409167568247,15.5600154435853,15.1498827249693,14.8232454359428,15.2225180998504,14.6733807134556,13.0328279519898,..,..,..
United States,USA,Coastal protection,EN.CLC.CSTP.ZS,..,..,..,..,..,..,..,..,..,..,..,..,..,..,..,..,..,..,..,..,..,..,..,..,..,..,..,..,..,..,..,..,..,..,..,..,..,..,..,..,..,..,..,..,..,..,..,..,..,..,..,..,88.48,89.57,94.11,90.59,83.68,76.57,75.38,73.99,72.28,..,..,..
United States,USA,Control of Corruption: Estimate,CC.EST,..,..,..,..,..,..,..,..,..,..,..,..,..,..,..,..,..,..,..,..,..,..,..,..,..,..,..,..,..,..,..,..,..,..,..,..,1.57104122638702,..,1.54939877986908,..,1.60359740257263,..,1.87359666824341,1.7044905424118,1.81070196628571,1.53672695159912,1.34489262104034,1.37706923484802,1.43763339519501,1.28647637367249,1.26525807380676,1.26211905479431,1.40279400348663,1.305992603302,1.37168157100677,1.35833406448364,1.33147585391998,1.34039711952209,1.29267823696136,1.18073284626007,1.03821742534637,1.01972794532776,1.10425877571106,..
United States,USA,Cooling Degree Days,EN.CLC.CDDY.XD,..,..,..,..,..,..,..,..,..,..,976.8,908.69,872.57,907.01,878.97,886.72,786.92,988.91,967.02,884.55,1037.7,934.54,883.86,975.63,933.09,938,953.63,945.4,1035.15,938.76,1005.31,1007.46,787.94,877.39,1001.64,982.93,953.01,874,1085.69,950.65,1047.87,1032.64,1099.36,1020.68,924.28,1085.02,1116.25,1142.96,998.05,963.07,1126.99,1193.71,1230.09,1060.65,970.86,1106.6,1165.11,1126.83,1227.87,1144.16,1195.3,..,..,..
United States,USA,Economic and Social Rights Performance Score,SD.ESR.PERF.XQ,..,..,..,..,..,..,..,..,..,..,..,..,..,..,..,..,..,..,..,..,..,..,..,..,..,..,..,..,..,..,..,..,..,..,..,..,..,..,..,..,..,..,..,..,..,..,..,2.329838343,2.326678076,2.347453528,2.326295311,2.329858657,2.319332808,2.319665127,2.319103485,2.34018867,2.334043023,2.335077189,2.340760288,..,..,..,..,..
United States,USA,Electricity production from coal sources (% of total),EG.ELC.COAL.ZS,53.9120071928861,53.7305350452496,53.2502024255671,54.3900654256682,54.015362257073,54.6300693578031,54.0999349871459,52.4451319913718,52.0592497868713,49.4470199044028,46.3873498898633,44.7880097218471,44.5662573084567,46.1641233899209,44.1764950813223,44.2954314922731,46.1708537636632,46.1130218136634,44.0050732977558,47.6674423424023,51.2034260006921,52.8278342765603,53.6795932063611,55.0405873321791,56.0522527746312,57.2203518859588,56.1740166775011,57.6421865701551,57.6793133200982,54.1160387558882,53.0673504822167,52.6011017269401,53.2400048064619,53.4013067886965,52.5162305212018,51.4992802892557,52.7220311762238,53.8095484475331,52.7351265762896,52.1167181858501,52.8951522460279,51.6334269469013,50.657299487706,51.3811676423779,50.3966895527569,50.4570863552959,49.7728777773905,48.9939094547418,49.1044398086107,45.437731595683,45.7976057577193,43.3457640868712,38.4798556926388,39.9431412367387,39.6507326894421,34.2327337278988,..,..,..,..,..,..,..,..
United States,USA,"Energy imports, net (% of energy use)",EG.IMP.CONS.ZS,5.34081618748347,5.57885796797174,5.82595283059258,6.23887607972911,6.5036408374399,7.22057621410312,7.15792247864086,4.25279867385188,5.54405063902184,7.70933842610018,6.52160993280303,9.51537451898334,12.1318125624245,15.8218004340444,15.5511744664603,14.8712458060153,19.694418966796,20.8085095303747,21.9235616320309,18.5741089628757,13.9313696085034,11.801346091942,9.04865570986495,12.7705810086971,9.51353880131994,11.5371937535261,12.0486465321885,13.8549791345335,15.668952653384,16.9955043022868,13.7096309133924,14.9427076463954,16.3385296201642,20.287092675434,18.7960037621226,19.7408464242136,20.5835348178363,21.5098249494927,21.5698941494774,24.4574111759769,26.6594195867123,24.3005371666905,26.60412855113,27.726180617665,28.6955706933386,29.6591792835944,27.9721234263917,28.585606884949,25.2640713700468,22.1249837026312,22.2092008982127,18.554976759716,15.6917290892051,13.9434315101907,9.21446550107214,7.30874345482277,..,..,..,..,..,..,..,..
United States,USA,Energy intensity level of primary energy (MJ/$2017 PPP GDP),EG.EGY.PRIM.PP.KD,..,..,..,..,..,..,..,..,..,..,..,..,..,..,..,..,..,..,..,..,..,..,..,..,..,..,..,..,..,..,..,..,..,..,..,..,..,..,..,..,6.72,6.53,6.5,6.33,6.23,6.04,5.82,5.81,5.65,5.52,5.5,5.34,5.13,5.13,5.07,4.89,4.75,4.63,4.63,4.52,4.31,4.21,..,..
United States,USA,Energy use (kg of oil equivalent per capita),EG.USE.PCAP.KG.OE,5641.74075529554,5612.07950307854,5774.58631485274,5986.78395387916,6136.93822991417,6307.89020241581,6591.34055759056,6809.82048391642,7073.47894930894,7332.36854699843,7569.07659520512,7644.52480244244,7940.99783225979,8163.60379219382,7909.58647956082,7656.2635792437,8100.56222166166,8285.57089797901,8438.40307747602,8327.04170536091,7942.25301793377,7647.53805356785,7259.07889874991,7199.11853271284,7443.32001696173,7456.26290328004,7376.09623833459,7622.17301652159,7849.75397036389,7890.28720236287,7671.7730657832,7631.46780588265,7677.40140109312,7709.49658932206,7757.83082249569,7763.75510556636,7844.46826581141,7828.58109639584,7803.69760452993,7923.22389263188,8056.86384994775,7827.88632537183,7843.34484914192,7794.23553026383,7881.57864206405,7846.49968849973,7697.65253500041,7758.16598577052,7488.08192070473,7056.78365282718,7161.42655156518,7029.95460147645,6872.02728367462,6905.59863316056,6960.68399657951,6803.99660728499,..,..,..,..,..,..,..,..
United States,USA,"Fertility rate, total (births per woman)",SP.DYN.TFRT.IN,3.654,3.62,3.461,3.319,3.19,2.913,2.721,2.558,2.464,2.456,2.48,2.266,2.01,1.879,1.835,1.774,1.738,1.79,1.76,1.808,1.8395,1.812,1.8275,1.799,1.8065,1.844,1.8375,1.872,1.934,2.014,2.081,2.0625,2.046,2.0195,2.0015,1.978,1.976,1.971,1.999,2.0075,2.056,2.0305,2.0205,2.0475,2.0515,2.057,2.108,2.12,2.072,2.002,1.931,1.8945,1.8805,1.8575,1.8625,1.8435,1.8205,1.7655,1.7295,1.706,1.6415,..,..,..
United States,USA,Food production index (2014-2016 = 100),AG.PRD.FOOD.XD,..,41.2,41.26,42.92,43.51,45.32,46.22,48.59,49.07,49.7,48.95,53.17,52.54,53.58,52.56,56.77,58.09,60.16,60.52,63.33,60.81,65.91,66.6,57.68,65.36,68.55,66.03,65.36,60.35,66.34,68.39,67.32,73.34,67.26,76.99,71.5,76.5,79.11,80.09,81.01,83.01,81.64,80.45,83.12,87.94,85.66,84.46,89.61,91.21,93.04,92.24,91.37,90.89,95.8,98.13,97.01,104.86,101.95,103.19,99.64,103.12,104.57,100.86,..
United States,USA,Forest area (% of land area),AG.LND.FRST.ZS,..,..,..,..,..,..,..,..,..,..,..,..,..,..,..,..,..,..,..,..,..,..,..,..,..,..,..,..,..,..,33.0223082096657,33.0341654510992,33.0460226925328,33.0578799339663,33.0697371753998,33.0815944168334,33.0934516582669,33.1053088997004,33.1171661411339,33.1290233825675,33.1301735880689,33.1867556145437,33.2433376410185,33.2999196674933,33.3565016939681,33.4130837204429,33.4696657469177,33.5262477733925,33.6360635020585,33.6927352193296,33.7494069366007,33.7794700582241,33.8095331798474,33.8395963014708,33.8696594230942,33.8997225447175,33.8997225447175,33.8669264120375,33.8669264120375,33.8669264120375,33.8669264120375,33.8669264120375,..,..
United States,USA,Fossil fuel energy consumption (% of total),EG.USE.COMM.FO.ZS,95.5256695527392,95.5667993020266,95.6055139735254,95.7693155916265,95.8016211194505,95.8601615794837,95.9644902619563,95.9821682441868,95.9226132734279,95.8586746434697,95.9187712540164,95.6438071526866,95.3667577934488,94.9771886917797,94.1564542460561,93.0979531123041,93.0056154760703,92.4223027301356,91.7438061244566,91.8029261569988,91.4260719583639,90.8319465466873,90.0431205042659,89.4550670754244,88.9010414433368,88.3016686762272,87.6566326584691,87.37781446172,87.0772387170186,87.0932872393801,86.4378383178815,85.6947378489449,85.5748223295601,86.1179647916857,85.9121290643525,85.4693359772985,85.5100613230784,86.4564944223768,86.0865943299391,85.7846010464005,85.8808305392289,86.3459809106252,86.2490843609645,86.2783854149701,86.1243128703203,86.018535392161,85.626472526822,85.614705182945,84.968221692611,84.1542537153329,84.1505880660269,83.714052768764,83.4371776188128,82.9405096870129,83.0890424221381,82.4278282452692,..,..,..,..,..,..,..,..
United States,USA,GDP growth (annual %),NY.GDP.MKTP.KD.ZG,..,2.29999999999968,6.10000000000012,4.39999999999992,5.8000000000003,6.39999999999976,6.50000000000028,2.50000000000003,4.79999999999959,3.09999999999999,-0.283491263214827,3.29335163921785,5.25890735705133,5.645722556183,-0.540551651583186,-0.20545606501301,5.38813928726294,4.62415306482367,5.53530495839769,3.16614530778003,-0.256749673873159,2.53771930714828,-1.80288740885109,4.58391335530169,7.23663315018621,4.16965622337729,3.4626459710688,3.45925198973302,4.177061291404,3.67264814950788,1.88596495668033,-0.108264790855543,3.52244052740502,2.75178105096643,4.02879325991903,2.68421727207786,3.77256549921414,4.44717494524525,4.48139443155316,4.79449904467508,4.07715947941618,0.954338728708379,1.69594292274957,2.7962091006717,3.85255260064351,3.48322032025258,2.78281062584327,2.01050755163328,0.122188442974647,-2.59988835108558,2.70885669419681,1.54989495017045,2.28068760319185,1.84187539518688,2.28777593255359,2.70636958176399,1.66747207596187,2.24192121597748,2.9453848312678,2.29443907769311,-2.76780251140578,5.94548476122172,1.93563459187081,..
United States,USA,GHG net emissions/removals by LUCF (Mt of CO2 equivalent),EN.CLC.GHGR.MT.CE,..,..,..,..,..,..,..,..,..,..,..,..,..,..,..,..,..,..,..,..,..,..,..,..,..,..,..,..,..,..,-846.554877930866,-818.679731084061,-804.464712483509,-758.57258361899,-850.050344349692,-795.375723499317,-679.822703099097,-727.705738044116,-601.993296371281,-503.702131638787,-540.259926455194,-635.810487579618,-830.615927422664,-980.170627395198,-1033.64040214764,-1027.88174906094,-1014.52889851076,-1013.38397691643,-1007.2515088757,-990.061776171927,..,..,..,..,..,..,..,..,..,..,..,..,..,..
United States,USA,Gini index,SI.POV.GINI,..,..,..,37.6,38.1,37.5,37.8,36.9,36.3,36,36.6,36.9,36.7,36.1,35.5,35.7,35.6,35.5,34.8,34.8,34.7,35.5,36.7,37.3,37.3,37.6,37.6,37.2,37.7,38.2,38.3,38,38.4,40.4,40,39.9,40.3,40.5,40,40,40.1,40.6,40.4,40.8,40.3,41,41.4,40.8,40.8,40.6,40,40.9,40.9,40.7,41.5,41.2,41.1,41.2,41.4,41.5,39.7,39.8,..,..
United States,USA,Government Effectiveness: Estimate,GE.EST,..,..,..,..,..,..,..,..,..,..,..,..,..,..,..,..,..,..,..,..,..,..,..,..,..,..,..,..,..,..,..,..,..,..,..,..,1.52492046356201,..,1.6985274553299,..,1.72488653659821,..,1.62092781066895,1.54012453556061,1.74025785923004,1.53101277351379,1.5816855430603,1.64327275753021,1.60507559776306,1.50298464298248,1.55227208137512,1.5137984752655,1.5213223695755,1.51700305938721,1.46222817897797,1.43311977386475,1.44152593612671,1.51739835739136,1.53704130649567,1.45355904102325,1.27513825893402,1.29951977729797,1.25599312782288,..
United States,USA,"Government expenditure on education, total (% of government expenditure)",SE.XPD.TOTL.GB.ZS,..,..,..,..,..,..,..,..,..,..,..,..,17.4885311126709,17.7788486480713,17.638126373291,17.3917331695557,17.35178565979,16.9860610961914,16.5371341705322,16.3264541625977,15.5543832778931,14.8959426879883,14.2720994949341,13.9664220809937,14.067120552063,14.0242376327515,14.2157745361328,14.4408807754517,14.8521461486816,15.197395324707,15.2107429504395,15.3581209182739,15.1028280258179,15.2748746871948,15.5527353286743,15.8898735046387,16.1000061035156,16.6120166778564,17.134729385376,17.5550212860107,17.9881553649902,17.6896095275879,17.3132019042969,16.981616973877,16.9619560241699,16.6988105773926,16.8092250823975,16.7058124542236,16.2201328277588,15.6010618209839,15.5616855621338,15.5074806213379,15.5992212295532,16.0246276855469,16.0046138763428,16.0524635314941,15.9738168716431,15.9008255004883,15.7807312011719,15.5171337127686,12.6542158126831,..,..,..
United States,USA,Heat Index 35,EN.CLC.HEAT.XD,..,..,..,..,..,..,..,..,..,..,0.26,0.15,0.2,0.13,0.13,0.1,0.05,0.3,0.28,0.19,1.64,0.61,0.13,0.53,0.19,0.19,0.42,0.37,0.5,0.34,0.45,0.13,0.29,0.35,0.4,0.9,0.42,0.43,1.23,0.77,0.44,0.58,0.28,0.47,0.29,0.61,0.61,0.58,0.33,0.88,2.15,2.31,0.77,0.48,0.35,0.93,1.29,0.85,0.89,1.57,1.29,..,..,..
United States,USA,Heating Degree Days,EN.CLC.HDDY.XD,..,..,..,..,..,..,..,..,..,..,7372.03,7460.14,7479.71,7131.28,7122.48,7424.06,7240.18,6991.31,7289.52,7263.84,7137.95,6629.04,7354.22,7193.62,7278.37,7355.96,6787.85,6720.51,7011.61,7145.65,6783.6,6838.29,6960.42,7085.61,6898.87,6881.46,7340.48,7037.56,6627.75,6800.01,6887.68,6772.02,6786.94,6727.99,6681.8,6611.77,6570.68,6651.84,7126.72,6981.82,6883.11,6912.05,6452.71,7011.15,6723.06,6284.4,6089.41,6252.85,6586.28,6651.47,6469.1,..,..,..
United States,USA,"Hospital beds (per 1,000 people)",SH.MED.BEDS.ZS,9.19999980926514,..,..,..,..,8.80000019073486,..,..,..,..,7.90000009536743,7.5,7.40000009536743,7.19999980926514,7.09999990463257,6.80000019073486,6.59999990463257,6.40000009536743,6.19999980926514,6.09999990463257,6,5.90000009536743,5.90000009536743,5.80000019073486,5.69999980926514,5.5,5.40000009536743,5.19999980926514,5.09999990463257,5,4.9000000954,4.8000001907,4.5999999046,4.5,4.3000001907,4.0999999046,3.9000000954,3.7999999523,3.7000000477,3.5999999046,3.49,3.47,3.39,3.33,3.26,3.2,3.18,3.14,3.13,3.08,3.05,2.97,2.93,2.89,2.83,2.8,2.77,2.87,..,..,..,..,..,..
United States,USA,Income share held by lowest 20%,SI.DST.FRST.20,..,..,..,5.6,5.6,5.7,5.5,5.8,6,6.1,5.9,5.9,5.8,5.9,6.1,6,6.1,6.2,6.2,6.4,6.4,6.2,5.8,5.5,5.6,5.6,5.5,5.6,5.6,5.6,5.6,5.6,5.5,5.2,5.4,5.5,5.5,5.4,5.4,5.5,5.5,5.4,5.3,5.2,5.3,5.3,5.2,5.2,5.2,5.4,5.3,5.2,5.2,5.3,5.2,5.3,5.2,5.2,5.2,5.1,5.6,6,..,..
United States,USA,Individuals using the Internet (% of population),IT.NET.USER.ZS,..,..,..,..,..,..,..,..,..,..,..,..,..,..,..,..,..,..,..,..,..,..,..,..,..,..,..,..,..,..,0.784728502,1.163193726,1.724202539,2.271673294,4.862780635,9.237088297,16.41935296,21.61640097,30.09319659,35.84872446,43.07916264,49.08083159,58.78540388,61.69711712,64.75825648,67.96805292,68.93119327,75,74,71,71.69,69.72946076,74.7,71.4,73,74.55420245,85.54442129,87.27488917,88.49890317,89.43028486,90.62047017,91.75320833,..,..
United States,USA,"Labor force participation rate, total (% of total population ages 15-64) (modeled ILO estimate)",SL.TLF.ACTI.ZS,..,..,..,..,..,..,..,..,..,..,..,..,..,..,..,..,..,..,..,..,..,..,..,..,..,..,..,..,..,..,..,74.712,75.08,75.052,75.252,75.438,75.643,75.98,75.909,75.842,75.78,75.354,74.928,74.324,73.988,73.972,74.067,73.797,73.777,73.108,72.427,71.883,71.841,71.571,71.459,71.366,71.721,72.128,72.401,72.865,71.72,72.073,72.675,..
United States,USA,Land Surface Temperature,EN.LND.LTMP.DC,..,..,..,..,..,..,..,..,..,..,..,..,..,..,..,..,..,..,..,..,..,..,..,..,..,..,..,..,..,..,..,..,..,..,..,..,..,..,..,..,19.7526365,16.7520785,17.7539801,17.7529913,16.7534484,17.2560411,17.7519278,17.2553861,16.2556179,15.7556021,16.2493926,15.7557312,18.7536126,16.2520161,16.2530657,17.7508194,18.2534342,17.7549612,16.7533663,15.2526331,17.7557637,18.2504072,..,..
United States,USA,Level of water stress: freshwater withdrawal as a proportion of available freshwater resources,ER.H2O.FWST.ZS,..,..,..,..,..,..,..,..,..,..,..,..,..,..,..,..,..,..,..,..,32.8010139417,32.4683143219,32.1356147022,31.8029150824,31.4702154626,31.1375158428,30.8048162231,30.4721166033,30.1394169835,29.8067173638,29.474017744,29.5278833967,29.5817490494,29.6356147022,29.6894803549,29.7433460076,29.7972116603,29.8510773131,29.9049429658,29.9588086185,30.0063371356,30.0760456274,30.1394169835,30.2027883397,30.2661596958,30.329531052,29.5716096324,28.8136882129,28.0557667934,27.2978453739,26.5335868188,26.8643360174,27.1887480805,27.5131601435,27.8375722066,28.1619842696,28.1619842696,28.1619842696,28.1619842696,28.1619842696,28.1619842696,..,..,..
United States,USA,"Life expectancy at birth, total (years)",SP.DYN.LE00.IN,69.7707317073171,70.2707317073171,70.119512195122,69.9170731707317,70.1658536585366,70.2146341463415,70.2121951219512,70.5609756097561,69.9512195121951,70.5073170731708,70.8073170731707,71.1073170731707,71.1560975609756,71.3560975609756,71.9560975609756,72.6048780487805,72.8560975609756,73.2560975609756,73.3560975609756,73.8048780487805,73.609756097561,74.009756097561,74.3609756097561,74.4634146341463,74.5634146341464,74.5634146341464,74.6146341463415,74.7658536585366,74.7658536585366,75.0170731707317,75.2146341463415,75.3658536585366,75.6170731707317,75.419512195122,75.619512195122,75.6219512195122,76.0268292682927,76.4292682926829,76.5804878048781,76.5829268292683,76.6365853658537,76.8365853658537,76.9365853658537,77.0365853658537,77.4878048780488,77.4878048780488,77.6878048780488,77.9878048780488,78.0390243902439,78.390243902439,78.5414634146342,78.6414634146341,78.7414634146342,78.7414634146342,78.8414634146341,78.690243902439,78.5390243902439,78.5390243902439,78.6390243902439,78.7878048780488,76.9804878048781,..,..,..
United States,USA,"Literacy rate, adult total (% of people ages 15 and above)",SE.ADT.LITR.ZS,..,..,..,..,..,..,..,..,..,..,..,..,..,..,..,..,..,..,..,..,..,..,..,..,..,..,..,..,..,..,..,..,..,..,..,..,..,..,..,..,..,..,..,..,..,..,..,..,..,..,..,..,..,..,..,..,..,..,..,..,..,..,..,..
United States,USA,"Mammal species, threatened",EN.MAM.THRD.NO,..,..,..,..,..,..,..,..,..,..,..,..,..,..,..,..,..,..,..,..,..,..,..,..,..,..,..,..,..,..,..,..,..,..,..,..,..,..,..,..,..,..,..,..,..,..,..,..,..,..,..,..,..,..,..,..,..,..,40,..,..,..,..,..
United States,USA,Methane emissions (metric tons of CO2 equivalent per capita),EN.ATM.METH.PC,..,..,..,..,..,..,..,..,..,..,..,..,..,..,..,..,..,..,..,..,..,..,..,..,..,..,..,..,..,..,2.69549791004835,2.66780742822584,2.64315712865575,2.58126976711976,2.59794951316099,2.55981168778495,2.52218459208446,2.46065146906186,2.38677941374785,2.31469140768349,2.27499626766373,2.23315565725396,2.18788158309902,2.1699974705621,2.1454808286973,2.12748010307198,2.11086481619446,2.11099586139493,2.1178050935085,2.06929548211105,2.11059953280595,2.11309668563591,2.13627074487384,2.13164848913931,2.19625848162595,2.18747766821268,2.11483002591793,2.1529973398181,2.27567872322048,2.38935481527633,2.25706008936426,..,..,..
United States,USA,"Mortality rate, under-5 (per 1,000 live births)",SH.DYN.MORT,30.1,29.5,28.9,28.3,27.7,27.1,26.4,25.7,24.9,24.1,23.2,22.4,21.5,20.6,19.7,18.8,17.9,17.1,16.3,15.6,15,14.4,13.9,13.4,13,12.7,12.4,12.1,11.9,11.6,11.2,10.9,10.5,10.1,9.8,9.5,9.2,8.9,8.8,8.6,8.4,8.3,8.2,8.1,8.1,8,7.9,7.7,7.6,7.5,7.3,7.2,7.1,7,6.9,6.8,6.7,6.6,6.5,6.4,6.3,6.2,..,..
United States,USA,Net migration,SM.POP.NETM,583458,541424,549734,588381,501115,497365,337814,377776,502456,669129,937473,914163,945777,842220,789950,832170,760399,1015857,1148506,1119646,1123144,719062,701091,799544,726016,759118,684733,677547,759523,919737,1421775,1569223,1816509,1752153,1806698,1678815,1771618,1866819,1799996,1667953,1479676,1335725,1168499,1074728,1200409,1129462,1113259,1108509,1095864,1031010,1030731,1322433,1323368,1320840,1250914,1221849,1449371,1377630,1200796,1158444,675560,..,..,..
United States,USA,Nitrous oxide emissions (metric tons of CO2 equivalent per capita),EN.ATM.NOXE.PC,..,..,..,..,..,..,..,..,..,..,..,..,..,..,..,..,..,..,..,..,..,..,..,..,..,..,..,..,..,..,0.956556241612351,0.940078453717868,0.944554142074117,0.944235084006941,0.959821267757652,0.956962644679621,0.971167066452853,0.937265489607822,0.914250196480747,0.897618565080275,0.883478710422559,0.857938098204417,0.854007078232539,0.876901867761058,0.861908771541422,0.863713155077289,0.882285672434946,0.887000249280281,0.81954055181746,0.810432421517187,0.8282086784088,0.845956801220794,0.813746520133057,0.814881623073866,0.812337261817545,0.806550431781924,0.818949454742647,0.809515694360859,0.813565163477112,0.802542622116478,0.778260623419919,..,..,..
United States,USA,"Patent applications, residents",IP.PAT.RESD,..,..,..,..,..,..,..,..,..,..,..,..,..,..,..,..,..,..,..,..,62098,62404,63316,59391,61841,63673,65195,68315,75192,82370,90643,87955,92425,99955,107233,123962,106892,119214,134733,149251,164795,177513,184245,188941,189536,207867,221784,241347,231588,224912,241977,247750,268782,287831,285096,288335,295327,293904,285095,285113,269586,262244,..,..
United States,USA,People using safely managed drinking water services (% of population),SH.H2O.SMDW.ZS,..,..,..,..,..,..,..,..,..,..,..,..,..,..,..,..,..,..,..,..,..,..,..,..,..,..,..,..,..,..,..,..,..,..,..,..,..,..,..,..,..,..,..,..,..,95.3550903811312,95.3643936516815,95.3736420544354,95.3828360272631,95.3919755910799,95.5578891017556,95.7230909010984,95.8873853143814,96.0508053124029,96.2132661144565,96.3747093495951,96.535067426793,96.694350796693,96.8524325557664,97.0093298983949,97.1649574893557,97.3193002947094,97.468388745246,..
United States,USA,People using safely managed sanitation services (% of population),SH.STA.SMSS.ZS,..,..,..,..,..,..,..,..,..,..,..,..,..,..,..,..,..,..,..,..,..,..,..,..,..,..,..,..,..,..,..,..,..,..,..,..,..,..,..,..,96.496190726794,96.5574451328594,96.6187980910896,96.6802433560019,96.741770528809,96.803402369468,96.8651167202463,96.9269187733198,96.9888088051448,97.0507855040053,97.1058935492494,97.1391348989208,97.1732886957104,97.2083507158898,97.2443511872665,97.2170064932042,97.1902718853189,97.1641625076281,97.1386804245827,97.113840693715,97.0896575350512,97.0661458186488,97.0433043325004,..
United States,USA,"PM2.5 air pollution, mean annual exposure (micrograms per cubic meter)",EN.ATM.PM25.MC.M3,..,..,..,..,..,..,..,..,..,..,..,..,..,..,..,..,..,..,..,..,..,..,..,..,..,..,..,..,..,..,13.41568004,..,..,..,..,12.89770264,..,..,..,..,11.94563014,..,..,..,..,10.91341302,..,..,..,..,9.221851825,9.26299254,8.869988146,8.64162897,8.433002378,8.163752791,7.378939412,7.74468451,7.775115257,7.663692516,..,..,..,..
United States,USA,Political Stability and Absence of Violence/Terrorism: Estimate,PV.EST,..,..,..,..,..,..,..,..,..,..,..,..,..,..,..,..,..,..,..,..,..,..,..,..,..,..,..,..,..,..,..,..,..,..,..,..,0.935005784034729,..,0.879612982273102,..,1.08280909061432,..,0.285476922988892,0.0804403498768806,-0.233039826154709,-0.0605432577431202,0.49083548784256,0.374478042125702,0.582659542560577,0.447313606739044,0.438403934240341,0.591247260570526,0.632442116737366,0.643072605133057,0.582419633865356,0.662890195846558,0.385635316371918,0.26220178604126,0.386042565107346,0.117876663804054,-0.0269290637224913,-0.0148778762668371,-0.0360050275921822,..
United States,USA,Population ages 65 and above (% of total population),SP.POP.65UP.TO.ZS,9.23044003803254,9.31051392352249,9.37583988822117,9.45139206932627,9.51857754672703,9.55391056674544,9.57878074695705,9.6532137757499,9.71448734849603,9.73887437978727,9.80325150200915,9.87925941795559,9.97579156609053,10.1118024809082,10.2681888370873,10.4457278525173,10.6549543564074,10.8647588127402,11.0385888703281,11.1749856659696,11.2785903333574,11.3814508448704,11.4800562085099,11.5495130681994,11.6626184249338,11.8114624544489,11.9188690151469,11.9994637469215,12.1507924868231,12.2749399730384,12.2844761945132,12.326906981295,12.3968455125612,12.4273483783189,12.4839785383117,12.5436335240969,12.5503676380277,12.5140026895127,12.4614727352375,12.3961707337774,12.3176296433869,12.2969453233527,12.2874577893554,12.2779342993686,12.3047192322804,12.3601628768533,12.422071948027,12.507803700301,12.6708585039901,12.8562585688817,13.0281784974361,13.2702031218742,13.5844369333927,13.8910756761845,14.1355633751345,14.3277540980291,14.672311496844,15.0662903997382,15.3976975750778,15.7918008297391,16.2234001500798,..,..,..
United States,USA,Population density (people per sq. km of land area),EN.POP.DNST,..,20.0558797068663,20.3667228593639,20.6619528854804,20.9509594975849,21.2145265401312,21.4609518984688,21.6959130731,21.9136233808205,22.1288224863958,22.3881314035655,22.6729890729952,22.9170124118896,23.1367971909474,23.3491575462716,23.5805156917379,23.8056504231922,24.0462890983256,24.3024317171382,24.5721129909946,24.8090394542612,25.0537178893674,25.293701468289,25.526042258073,25.7480106911702,25.9771851825972,26.2183697712404,26.4537676766794,26.6950614480247,26.9483653165862,27.2545136128993,27.6211491261017,28.0068916121481,28.3786587123429,28.7288076375484,29.0729515141457,29.4131648134723,29.7694279699879,30.1184850681737,30.4663411566379,30.7973013298523,31.1036283879362,31.3935499327652,31.6645346171981,31.9589450682826,32.2548765979183,32.5673998463204,32.8786113609374,33.2436868537795,33.5363992251367,33.8157800778799,34.0624439459432,34.3132448275033,34.5518131888554,34.8061342979769,35.0633286762825,35.3183471405052,35.5424948236771,35.7300964643583,35.8931756713915,36.2409851083694,36.2978363298067,..,..
United States,USA,Poverty headcount ratio at national poverty lines (% of population),SI.POV.NAHC,..,..,..,..,..,..,..,..,..,..,..,..,..,..,..,..,..,..,..,..,..,..,..,..,..,..,..,..,..,..,..,..,..,..,..,..,..,..,..,..,..,..,..,..,..,..,..,..,..,..,..,..,..,..,..,..,..,..,..,..,..,..,..,..
United States,USA,Prevalence of overweight (% of adults),SH.STA.OWAD.ZS,..,..,..,..,..,..,..,..,..,..,..,..,..,..,..,41,41.6,42.2,42.8,43.4,44,44.7,45.3,46,46.7,47.4,48.1,48.8,49.5,50.2,50.9,51.7,52.4,53.2,54,54.8,55.6,56.3,57.1,57.9,58.6,59.3,60,60.7,61.3,61.9,62.5,63.1,63.7,64.2,64.8,65.3,65.8,66.4,66.9,67.4,67.9,..,..,..,..,..,..,..
United States,USA,Prevalence of undernourishment (% of population),SN.ITK.DEFC.ZS,..,..,..,..,..,..,..,..,..,..,..,..,..,..,..,..,..,..,..,..,..,..,..,..,..,..,..,..,..,..,..,..,..,..,..,..,..,..,..,..,..,2.5,2.5,2.5,2.5,2.5,2.5,2.5,2.5,2.5,2.5,2.5,2.5,2.5,2.5,2.5,2.5,2.5,2.5,2.5,2.5,2.5,..,..
United States,USA,Proportion of bodies of water with good ambient water quality,EN.H2O.BDYS.ZS,..,..,..,..,..,..,..,..,..,..,..,..,..,..,..,..,..,..,..,..,..,..,..,..,..,..,..,..,..,..,..,..,..,..,..,..,..,..,..,..,..,..,..,..,..,..,..,..,..,..,..,..,..,..,..,..,..,..,..,..,33.7,..,..,..
United States,USA,Proportion of seats held by women in national parliaments (%),SG.GEN.PARL.ZS,..,..,..,..,..,..,..,..,..,..,..,..,..,..,..,..,..,..,..,..,..,..,..,..,..,..,..,..,..,..,..,..,..,..,..,..,..,11.7241379310345,11.7241379310345,13.3333333333333,..,14.0229885057471,13.7931034482759,14.2528735632184,14.9425287356322,15.1724137931034,16.3218390804598,16.7816091954023,17.0114942528736,16.7816091954023,16.7816091954023,16.8202764976959,17.9723502304147,17.8240740740741,19.3103448275862,19.3548387096774,19.1685912240185,19.3548387096774,23.5023041474654,23.4338747099768,27.4647887323944,27.6497695852535,28.7037037037037,..
United States,USA,Ratio of female to male labor force participation rate (%) (modeled ILO estimate),SL.TLF.CACT.FM.ZS,..,..,..,..,..,..,..,..,..,..,..,..,..,..,..,..,..,..,..,..,..,..,..,..,..,..,..,..,..,..,..,75.1892052034798,75.7311869927453,76.3092033171444,78.0010605174781,78.4024715553378,78.8397669733762,79.5914203718564,79.7786500926834,80.1094193407553,80.2106898525444,80.4631902261103,80.6514334569825,81.1490000834423,80.9527791715448,81.1023622047244,81.1237268325263,81.3380084935181,81.8724429748361,82.6511330539177,82.7037659186516,82.5049529290972,82.175668050753,81.9315637991685,82.1784638774377,81.9221767115272,81.9333557135142,82.4432166973603,82.5388245262896,82.972330401552,82.9906430657369,82.9139507480274,83.2545065143673,83.8591440612572
United States,USA,Regulatory Quality: Estimate,RQ.EST,..,..,..,..,..,..,..,..,..,..,..,..,..,..,..,..,..,..,..,..,..,..,..,..,..,..,..,..,..,..,..,..,..,..,..,..,1.59310185909271,..,1.61003684997559,..,1.69612085819244,..,1.55174136161804,1.568514585495,1.55983471870422,1.60669600963593,1.64094340801239,1.49368762969971,1.53245806694031,1.39833772182465,1.4438453912735,1.45509660243988,1.29439389705658,1.26038861274719,1.27628946304321,1.24220669269562,1.48562073707581,1.61907637119293,1.61313998699188,1.33457458019257,1.2384375333786,1.44095718860626,1.42443990707397,..
United States,USA,Renewable electricity output (% of total electricity output),EG.ELC.RNEW.ZS,..,..,..,..,..,..,..,..,..,..,..,..,..,..,..,..,..,..,..,..,..,..,..,..,..,..,..,..,..,..,11.5286468488794,10.7574142290523,9.91611011689915,10.4843256121149,9.74723552434506,10.801084989942,11.5814500482575,10.9778281257659,9.60858498243135,9.06920058095258,8.20599694228722,6.78399231432694,8.6463611778167,8.88937612108964,8.63018553161945,8.57846553445898,9.24463118340514,8.36776393615508,9.00354134718557,10.2918450711157,10.1203551472397,12.2257135163932,12.0073970634651,12.6379191222813,12.9538270902926,13.2285932109672,..,..,..,..,..,..,..,..
United States,USA,Renewable energy consumption (% of total final energy consumption),EG.FEC.RNEW.ZS,..,..,..,..,..,..,..,..,..,..,..,..,..,..,..,..,..,..,..,..,..,..,..,..,..,..,..,..,..,..,4.18,4.51,4.76,4.28,4.09,4.73,4.76,4.51,4.53,5.71,5.43,4.68,4.84,5.33,5.48,5.84,6.4,6.3,6.85,7.35,7.44,8.36,8.73,9.08,9.22,9.03,9.46,9.92,10.12,10.42,11.16,..,..,..
United States,USA,Research and development expenditure (% of GDP),GB.XPD.RSDV.GD.ZS,..,..,..,..,..,..,..,..,..,..,..,..,..,..,..,..,..,..,..,..,..,..,..,..,..,..,..,..,..,..,..,..,..,..,..,..,2.45012998580933,2.47713994979858,2.4962100982666,2.54362010955811,2.6198399066925,2.63715004920959,2.54745006561279,2.55014991760254,2.48686003684998,2.50192999839783,2.54544997215271,2.61515998840332,2.74481010437012,2.79182004928589,2.71444988250732,2.73802995681763,2.6728401184082,2.70215010643005,2.71785998344421,2.78699994087219,2.85349988937378,2.90432000160217,3.0100998878479,3.170490026474,3.46777009963989,3.45705008506775,..,..
United States,USA,Rule of Law: Estimate,RL.EST,..,..,..,..,..,..,..,..,..,..,..,..,..,..,..,..,..,..,..,..,..,..,..,..,..,..,..,..,..,..,..,..,..,..,..,..,1.5002189874649,..,1.56696021556854,..,1.56463289260864,..,1.51690554618835,1.55444955825806,1.41830444335938,1.5282701253891,1.59266018867493,1.61114573478699,1.62871420383453,1.59132015705109,1.63102221488953,1.59098601341248,1.62034177780151,1.54929387569427,1.60693037509918,1.56277310848236,1.58051216602325,1.60738492012024,1.47568666934967,1.42403542995453,1.33538234233856,1.3906421661377,1.37168848514557,..
United States,USA,"School enrollment, primary (% gross)",SE.PRM.ENRR,..,..,..,..,..,..,..,..,..,..,..,92.1267471313477,91.8561096191406,94.8933715820312,94.5111770629883,94.3143692016602,94.5180511474609,94.0340805053711,93.5325469970703,92.7236862182617,101.256690979004,101.255699157715,103.932319641113,103.969673156738,103.40796661377,102.842178344727,103.031288146973,103.146347045898,..,..,105.475563049316,104.492210388184,..,104.470138549805,104.327377319336,105.278030395508,104.087097167969,..,102.175888061523,101.391563415527,..,..,..,..,..,101.8740234375,..,..,..,..,..,..,..,99.455436706543,99.6733779907227,100.299911499023,101.362861633301,101.821441650391,101.256561279297,100.981300354004,100.305793762207,98.3054885864258,..,..
United States,USA,"School enrollment, primary and secondary (gross), gender parity index (GPI)",SE.ENR.PRSC.FM.ZS,..,..,..,..,..,..,..,..,..,..,..,..,..,..,..,..,..,..,..,..,..,1.03886997699738,1.03232002258301,1.02068996429443,1.02276003360748,1.02069997787476,1.0229400396347,1.01155996322632,..,..,0.997739970684052,0.99838000535965,..,0.988919973373413,0.991439998149872,1.00136005878448,0.993629992008209,..,1.03120994567871,..,..,..,..,..,..,1.00387001037598,..,..,..,..,..,..,..,0.997099995613098,1.00423002243042,1.00507998466492,0.996259987354279,0.993629992008209,0.994700014591217,0.994910001754761,0.986829996109009,..,..,..
United States,USA,Scientific and technical journal articles,IP.JRN.ARTC.SC,..,..,..,..,..,..,..,..,..,..,..,..,..,..,..,..,..,..,..,..,..,..,..,..,..,..,..,..,..,..,..,..,..,..,..,..,313391.54,311116.82,302600.31,296940.93,306472.5,306733.89,320944.51,330542.54,354737.37,385577.39,389728.34,392348.65,395157.82,399757.26,409511.63,423222.43,425131.48,426596.66,428140.59,428203.78,428476.45,430198.17,435033.88,438020.45,455855.57,..,..,..
United States,USA,Standardised Precipitation-Evapotranspiration Index,EN.CLC.SPEI.XD,-0.256665931,0.676869132,-0.448042841,-1.387229134,-0.082711404,0.839930847,-0.942417069,0.331782289,0.13069293,0.001546667,-0.16440911,0.090892306,0.603019761,1.656574698,-0.313886076,1.504057462,-1.654297791,-0.553659663,-0.021774181,1.28044715,-0.934702621,-0.157567398,2.216027646,1.872615562,0.568316163,0.448184354,0.7030065,-0.780149257,-1.951805578,-0.031506909,0.546213193,0.701330236,0.849458501,1.828028884,-0.122070925,0.908913732,1.493013575,1.364124145,1.784508715,-0.354946937,-0.218955783,-0.248993929,-0.225176244,0.292271083,1.453172006,-0.011547618,-0.732697234,-0.831430723,0.418282209,0.774970854,0.325186551,0.244116503,-1.650160544,1.374046175,0.619908119,1.487122058,-0.090504169,0.630013596,1.901845411,2.274658493,-0.245766999,-0.233875993,..,..
United States,USA,Strength of legal rights index (0=weak to 12=strong),IC.LGL.CRED.XQ,..,..,..,..,..,..,..,..,..,..,..,..,..,..,..,..,..,..,..,..,..,..,..,..,..,..,..,..,..,..,..,..,..,..,..,..,..,..,..,..,..,..,..,..,..,..,..,..,..,..,..,..,..,11,11,11,11,11,11,11,..,..,..,..
United States,USA,Terrestrial and marine protected areas (% of total territorial area),ER.PTD.TOTL.ZS,..,..,..,..,..,..,..,..,..,..,..,..,..,..,..,..,..,..,..,..,..,..,..,..,..,..,..,..,..,..,..,..,..,..,..,..,..,..,..,..,..,..,..,..,..,..,..,..,..,..,..,..,..,..,..,..,26.326199718432,26.328083601169,26.328083601169,26.3281159177314,23.9458352965842,15.8832744740312,15.8833371610815,..
United States,USA,Tree Cover Loss (hectares),AG.LND.FRLS.HA,..,..,..,..,..,..,..,..,..,..,..,..,..,..,..,..,..,..,..,..,..,..,..,..,..,..,..,..,..,..,..,..,..,..,..,..,..,..,..,..,..,..,2038436,1649384,2746257,2691544,2605856,2435128,2213724,1608981,2167662,1663692,1964094,1736445,1736527,2289649,2264067,2311358,2092359,2109918,1966716,2044299,..,..
United States,USA,"Unemployment, total (% of total labor force) (modeled ILO estimate)",SL.UEM.TOTL.ZS,..,..,..,..,..,..,..,..,..,..,..,..,..,..,..,..,..,..,..,..,..,..,..,..,..,..,..,..,..,..,..,6.8,7.5,6.9,6.12,5.65,5.45,5,4.51,4.22,3.99,4.73,5.78,5.99,5.53,5.08,4.62,4.62,5.78,9.25,9.63,8.95,8.07,7.37,6.17,5.28,4.87,4.36,3.9,3.67,8.05,5.35,3.65,3.648
United States,USA,Unmet need for contraception (% of married women ages 15-49),SP.UWT.TFRT,..,..,..,..,..,..,..,..,..,..,..,..,..,..,..,..,..,..,..,..,..,..,..,..,..,..,..,..,4,..,6,..,..,..,..,..,..,..,..,..,..,..,6.3,..,..,..,..,5.8,8,..,8,..,..,..,9,9,..,..,7.2,..,..,..,..,..
United States,USA,Voice and Accountability: Estimate,VA.EST,..,..,..,..,..,..,..,..,..,..,..,..,..,..,..,..,..,..,..,..,..,..,..,..,..,..,..,..,..,..,..,..,..,..,..,..,1.34866082668304,..,1.33687722682953,..,1.31016671657562,..,1.34456813335419,1.33822762966156,1.327751994133,1.29452359676361,1.1016218662262,1.10981047153473,1.14426684379578,1.09722805023193,1.1336270570755,1.12696576118469,1.16158699989319,1.10301864147186,1.07124829292297,1.1098393201828,1.11025989055634,1.00634932518005,0.99573165178299,0.905322194099426,0.855865716934204,0.878146708011627,0.84512186050415,..
,,,,,,,,,,,,,,,,,,,,,,,,,,,,,,,,,,,,,,,,,,,,,,,,,,,,,,,,,,,,,,,,,,,
,,,,,,,,,,,,,,,,,,,,,,,,,,,,,,,,,,,,,,,,,,,,,,,,,,,,,,,,,,,,,,,,,,,
,,,,,,,,,,,,,,,,,,,,,,,,,,,,,,,,,,,,,,,,,,,,,,,,,,,,,,,,,,,,,,,,,,,
Data from database: Environment Social and Governance (ESG) Data,,,,,,,,,,,,,,,,,,,,,,,,,,,,,,,,,,,,,,,,,,,,,,,,,,,,,,,,,,,,,,,,,,,
Last Updated: 04/16/2024,,,,,,,,,,,,,,,,,,,,,,,,,,,,,,,,,,,,,,,,,,,,,,,,,,,,,,,,,,,,,,,,,,,
